<?xml version="1.0" encoding="ISO-8859-1"?> 
<module version="1.0 alpha"> 
    <name lang="en">OpenID</name> 
    <description lang="en">   The module enables OpenID feature into the ATutor.  Which enables users to register and log in to the ATutor without much pain.
    They can manage their content without keeping a separate username password combination. Enabling this module helps users to make use of Google, FaceBook
    and Twitter credentials for loging into the ATutor. The module is 100% configurable.  The module allows admins to controll the way it should behave. For
    details refer the README file or docs.
    
    </description> 
    <maintainers>
        <maintainer> 
            <name>Arun Scaria</name> 
            <email>arunscaria91@gmail.com</email> 
        </maintainer>
    </maintainers> 
    <url>http://atutoropeniddev.wordpress.com</url> 
    <license>GPL</license> 
	<release> 
        <version>1.0 beta</version> 
        <date>2012-06-11</date> 
        <state>Devel</state> 
        <notes>Please report bugs to the author. :)</notes> 
    </release> 
</module>
