<?xml version="1.0" encoding="utf-8"?>
<!--This is an ATutor 1.0 Common Cartridge document-->
<!--Created from the ATutor Content Package Generator - http://www.atutor.ca-->
<manifest identifier="MANIFEST-2415ad93fc44817acbe40edfd1ffb1ee" xmlns="http://www.imsglobal.org/xsd/imscc/imscp_v1p1" xmlns:imsmd="http://www.imsglobal.org/xsd/imsmd_rootv1p2p1" xmlns:lomimscc="http://ltsc.ieee.org/xsd/imscc/LOM" xmlns:xsi="http://www.w3.org/2001/XMLSchema-instance" xmlns:adlcp="http://www.adlnet.org/xsd/adlcp_rootv1p2" xsi:schemaLocation="http://www.imsglobal.org/xsd/imscc/imscp_v1p1 imscp_v1p2_localised.xsd http://ltsc.ieee.org/xsd/imscc/LOM domainProfile_1/lomLoose_localised.xsd">
	<metadata>
		<schema>IMS Common Cartridge</schema>
	    <schemaversion>1.0.0</schemaversion>
		<lomimscc:lom>
      <lomimscc:general>
        <lomimscc:identifier>          
			<lomimscc:catalog>ATutor</lomimscc:catalog>
			<lomimscc:entry></lomimscc:entry>
        </lomimscc:identifier>
        <lomimscc:title>
			<lomimscc:string language="en">Creating your First Lesson in AContent - Creating Content in AContent</lomimscc:string>
        </lomimscc:title>
        <lomimscc:language>en</lomimscc:language>
        <lomimscc:description> 
			<lomimscc:string language="en">Learn how to start creating lessons in AContent</lomimscc:string>
        </lomimscc:description>
        <lomimscc:keyword>
			<lomimscc:string language="en">{KEYWORDS}</lomimscc:string>
        </lomimscc:keyword>
      </lomimscc:general>
    </lomimscc:lom>
	</metadata>
	<organizations>
		<organization identifier="MANIFEST01_ORG1" structure="rooted-hierarchy">
			<item identifier="resources">		
		                                        <item identifier="MANIFEST01_FOLDER7">
                        <title>Creating Content in AContent</title>

                        <item identifier="MANIFEST01_ITEM8" identifierref="MANIFEST01_RESOURCE8">
                        <title>Adding Content to a Lesson</title>
                            
                        </item>
                        <item identifier="MANIFEST01_ITEM9" identifierref="MANIFEST01_RESOURCE9">
                        <title>Your First Content Page</title>
                            
                        </item>
                        <item identifier="MANIFEST01_ITEM10" identifierref="MANIFEST01_RESOURCE10">
                        <title>Editing Content</title>
                            
                        </item>
                        <item identifier="MANIFEST01_ITEM11" identifierref="MANIFEST01_RESOURCE11">
                        <title>Typical Content</title>
                            
                        </item>
                        <item identifier="MANIFEST01_ITEM12" identifierref="MANIFEST01_RESOURCE12">
                        <title>The File Manager</title>
                            
                        </item>
                        <item identifier="MANIFEST01_ITEM13" identifierref="MANIFEST01_RESOURCE13">
                        <title>Adapted Content</title>
                            
                        </item>
                        <item identifier="MANIFEST01_ITEM14" identifierref="MANIFEST01_RESOURCE14">
                        <title>Tests and Surveys</title>
                            
                        </item>
                    </item>

		    </item>
		</organization>
	</organizations>
	<resources>
		<resource identifier="MANIFEST01_RESOURCE8" type="webcontent" href="resources/8.html">
			<metadata/>
			<file href="resources/8.html"/>

                        
		</resource>

		<resource identifier="MANIFEST01_RESOURCE9" type="webcontent" href="resources/9.html">
			<metadata/>
			<file href="resources/9.html"/>
			<file href="resources/create_page_folder.png"/>
			<file href="resources/editor_shortcuts.png"/>
			<file href="resources/menu_editor.png"/>

                        
		</resource>

		<resource identifier="MANIFEST01_RESOURCE10" type="webcontent" href="resources/10.html">
			<metadata/>
			<file href="resources/10.html"/>
			<file href="resources/content_editor.png"/>

                        
		</resource>

		<resource identifier="MANIFEST01_RESOURCE11" type="webcontent" href="resources/11.html">
			<metadata/>
			<file href="resources/11.html"/>
			<file href="resources/editor_advanced.png"/>
			<file href="resources/content_editor_buttons1.png"/>

                        
		</resource>

		<resource identifier="MANIFEST01_RESOURCE12" type="webcontent" href="resources/12.html">
			<metadata/>
			<file href="resources/12.html"/>
			<file href="resources/file_manager_icon.png"/>

                        
		</resource>

		<resource identifier="MANIFEST01_RESOURCE13" type="webcontent" href="resources/13.html">
			<metadata/>
			<file href="resources/13.html"/>
			<file href="resources/adapted_content.png"/>
			<file href="resources/afa_toolbar.png"/>

                        
		</resource>

		<resource identifier="MANIFEST01_RESOURCE14" type="webcontent" href="resources/14.html">
			<metadata/>
			<file href="resources/14.html"/>
			<file href="resources/add_tests.png"/>

                        
		</resource>


	</resources>
</manifest>