<?xml version="1.0" encoding="ISO-8859-1"?> 
<module version="0.1"> 
    <name lang="en">Photo Gallery</name> 
    <description lang="en">Photo Gallery</description> 
    <maintainers>
        <maintainer> 
            <name>ATutor Team</name> 
            <email>info@atutor.ca</email> 
        </maintainer>
    </maintainers> 
    <url>http://atutor.ca</url> 
    <license>GPL/ATutor</license> 
	<release> 
        <version>1.4</version> 
        <date>2010-03-19</date> 
	<state>stable</state> 
	<notes>This is a Photo Gallery designed with accessibility in mind, works best with ATutor 1.6.4 and above.  Your server must have the GD Library version 2.0 or later to manipulate graphics files. This module will not install without it. More information at: http://www.boutell.com/gd/.  This Photo Gallery allows users to create different albums such as Profile Album, My Albums, Course Albums and Shared Albums.  Captions and alternative texts are easy to edit through the FLUID inline editor.</notes> 
    </release> 
</module>
