<?xml version="1.0" encoding="ISO-8859-1"?> 
<module version="0.1"> 
    <name lang="en">Elluminate</name> 
    <description lang="en">Elluminate is a leading provider of live Web conferencing and eLearning solutions for the real-time organization. Serving corporate and academic sectors, the company ensures the best user experience through superior quality VoIP, communications that are in-sync regardless of connection speed, broad cross-platform support, and advanced yet easy-to-use moderator tools.</description> 
    <maintainers>
        <maintainer> 
            <name>ATutor Team</name> 
            <email>info@atutor.ca</email> 
        </maintainer>
    </maintainers> 
    <url>http://atutor.ca</url> 
    <license>BSD</license> 
	<release> 
        <version>0.3</version> 
        <date>2010-10-25</date> 
        <state>stable</state> 
        <notes>Requires Sun Java WebStart on the client's computer. Elluminate must be installed before installing this module. Once the module is installed and enabled, open the Administrator's Elluminate screen to enter the URL, and optional guest password. See the readme file included with the module for further details. If you are using the free 3 room version (vRoom) add the line "header( 'Location: your url here to elluminate' ) ;" (changing the words to a URL of course) somewhere near the top of the index.php file.</notes> 
    </release> 
</module>