<?xml version="1.0" encoding="utf-8"?>
<!--This is an ATutor 1.0 Common Cartridge document-->
<!--Created from the ATutor Content Package Generator - http://www.atutor.ca-->
<manifest identifier="MANIFEST-2415ad93fc44817acbe40edfd1ffb1ee" xmlns="http://www.imsglobal.org/xsd/imscc/imscp_v1p1" xmlns:imsmd="http://www.imsglobal.org/xsd/imsmd_rootv1p2p1" xmlns:lomimscc="http://ltsc.ieee.org/xsd/imscc/LOM" xmlns:xsi="http://www.w3.org/2001/XMLSchema-instance" xmlns:adlcp="http://www.adlnet.org/xsd/adlcp_rootv1p2" xsi:schemaLocation="http://www.imsglobal.org/xsd/imscc/imscp_v1p1 imscp_v1p2_localised.xsd http://ltsc.ieee.org/xsd/imscc/LOM domainProfile_1/lomLoose_localised.xsd">
	<metadata>
		<schema>IMS Common Cartridge</schema>
	    <schemaversion>1.0.0</schemaversion>
		<lomimscc:lom>
      <lomimscc:general>
        <lomimscc:identifier>          
			<lomimscc:catalog>ATutor</lomimscc:catalog>
			<lomimscc:entry></lomimscc:entry>
        </lomimscc:identifier>
        <lomimscc:title>
			<lomimscc:string language="en">Creating your First Lesson in AContent - Getting Started with AContent</lomimscc:string>
        </lomimscc:title>
        <lomimscc:language>en</lomimscc:language>
        <lomimscc:description> 
			<lomimscc:string language="en">Learn how to start creating lessons in AContent</lomimscc:string>
        </lomimscc:description>
        <lomimscc:keyword>
			<lomimscc:string language="en">{KEYWORDS}</lomimscc:string>
        </lomimscc:keyword>
      </lomimscc:general>
    </lomimscc:lom>
	</metadata>
	<organizations>
		<organization identifier="MANIFEST01_ORG1" structure="rooted-hierarchy">
			<item identifier="resources">		
		                                        <item identifier="MANIFEST01_FOLDER2">
                        <title>Getting Started with AContent</title>

                        <item identifier="MANIFEST01_ITEM1" identifierref="MANIFEST01_RESOURCE1">
                        <title>Welcome to AContent</title>
                            
                        </item>
                        <item identifier="MANIFEST01_ITEM3" identifierref="MANIFEST01_RESOURCE3">
                        <title>Create vs Import a Lesson</title>
                            
                        </item>
                        <item identifier="MANIFEST01_ITEM4" identifierref="MANIFEST01_RESOURCE4">
                        <title>The AContent Hanbook</title>
                            
                        </item>
                    </item>

		    </item>
		</organization>
	</organizations>
	<resources>
		<resource identifier="MANIFEST01_RESOURCE1" type="webcontent" href="resources/1.html">
			<metadata/>
			<file href="resources/1.html"/>

                        
		</resource>

		<resource identifier="MANIFEST01_RESOURCE3" type="webcontent" href="resources/3.html">
			<metadata/>
			<file href="resources/3.html"/>
			<file href="http://openlearn.open.ac.uk/"/>

                        
		</resource>

		<resource identifier="MANIFEST01_RESOURCE4" type="webcontent" href="resources/4.html">
			<metadata/>
			<file href="resources/4.html"/>

                        
		</resource>


	</resources>
</manifest>