<?xml version="1.0" encoding="ISO-8859-1"?> 
<module version="0.1"> 
    <name lang="en">ATutor MultiSite Manager</name> 
    <description lang="en">This module is used to create and manage ATutor subsites. A single ATutor code base can be used to run any number of independent ATutor sites as fully independent domains. This module can only be installed on an ATutor main site of a multisite installation, not on subsites.</description> 
    <maintainers>
        <maintainer> 
            <name>ATutor Team</name> 
            <email>info@atutor.ca</email> 
        </maintainer>
    </maintainers> 
    <url>http://atutor.ca</url> 
    <license>BSD</license> 
	<release> 
        <version>0.7</version> 
        <date>2012-07-18</date> 
        <state>stable</state> 
        <notes></notes> 
    </release> 
</module>
