<?xml version="1.0" encoding="ISO-8859-1"?> 
<module version="0.1"> 
    <name lang="en">XMPP Chat</name> 
    <description lang="en">New XMPP-based chat for ATutor.</description> 
    <maintainers>
        <maintainer> 
            <name>ATutor Team</name> 
            <email>info@atutor.ca</email> 
        </maintainer>
        <maintainer> 
            <name>Casian Olga</name>
            <email>dae-eklen@gmail.com</email> 
        </maintainer>
    </maintainers> 
    <url>http://atutor.ca</url> 
    <license>GPL</license> 
	<release> 
        <version>0.9</version> 
		<privileges>
			<instructor_privilege>create</instructor_privilege>
			<admin_privilege></admin_privilege> 
		</privileges>
        <date>2012-08-20</date> 
        <state>Under development</state> 
        <notes>This is an extra module.</notes> 
    </release> 
</module>
