<?xml version="1.0" encoding="UTF-8"?> 
<module version="0.1"> 
    <name lang="en">UserPlane</name> 
    <description lang="en">This modules links the Userplane Web Chat into ATutor</description> 
    <maintainers>
        <maintainer> 
            <name>ATutor Team</name> 
            <email>info@atutor.ca</email> 
        </maintainer>
    </maintainers> 
    <url>http://atutor.ca</url> 
    <license>BSD</license> 
	<release> 
        <version>0.4</version> 
        <date>2010-10-25</date> 
        <state>stable</state> 
	<notes>You will need to create a Userplane account at http://www.userplane.com/buy/index.cfm, then through the administrator's UserPlane manager, enter that ID into the UserPlane ID field.  </notes> 
    </release> 
</module>