<?xml version="1.0" encoding="ISO-8859-1"?> 
<module version="0.1"> 
    <name lang="en">Syntax Highlighter</name> 
    <description lang="en">Syntax Highlighter module</description> 
    <maintainers>
        <maintainer> 
            <name>Peter Strba</name> 
            <email>peter.strba@gymtut.edu.sk</email> 
        </maintainer>
    </maintainers> 
    <url></url> 
    <license>GNU GPL</license> 
	<release> 
        <version>0.1</version> 
        <date>2012-01-31</date> 
        <state>stable</state> 
        <notes>The Syntax Highlighter module uses GESHI - Generic Syntax Highlighter</notes> 
    </release> 
</module>
