<?xml version="1.0" encoding="ISO-8859-1"?> 
<module version="0.1"> 
    <name lang="en">My Calendar</name> 
    <description lang="en">This is where you access your calendar.</description> 
    <maintainers>
        <maintainer> 
            <name>Kent Elchuk</name> 
            <email>info@bohemianism.ca</email> 
        </maintainer>
    </maintainers> 
    <url>http://bohemianism.ca</url> 
    <license>BSD</license> 
	<release> 
        <version>1.0</version> 
        <date>2012-29-09</date> 
        <state>stable</state> 
        <notes></notes> 
    </release> 
</module>
