<?xml version="1.0" encoding="utf-8"?>
<!--This is an ATutor 1.0 Common Cartridge document-->
<!--Created from the ATutor Content Package Generator - http://www.atutor.ca-->
<manifest identifier="MANIFEST-2415ad93fc44817acbe40edfd1ffb1ee" xmlns="http://www.imsglobal.org/xsd/imscc/imscp_v1p1" xmlns:imsmd="http://www.imsglobal.org/xsd/imsmd_rootv1p2p1" xmlns:lomimscc="http://ltsc.ieee.org/xsd/imscc/LOM" xmlns:xsi="http://www.w3.org/2001/XMLSchema-instance" xmlns:adlcp="http://www.adlnet.org/xsd/adlcp_rootv1p2" xsi:schemaLocation="http://www.imsglobal.org/xsd/imscc/imscp_v1p1 imscp_v1p2_localised.xsd http://ltsc.ieee.org/xsd/imscc/LOM domainProfile_1/lomLoose_localised.xsd">
	<metadata>
		<schema>IMS Common Cartridge</schema>
	    <schemaversion>1.0.0</schemaversion>
		<lomimscc:lom>
      <lomimscc:general>
        <lomimscc:identifier>          
			<lomimscc:catalog>ATutor</lomimscc:catalog>
			<lomimscc:entry></lomimscc:entry>
        </lomimscc:identifier>
        <lomimscc:title>
			<lomimscc:string language="en">Integrating AContent and ATutor - Integrating AContent and ATutor</lomimscc:string>
        </lomimscc:title>
        <lomimscc:language>en</lomimscc:language>
        <lomimscc:description> 
			<lomimscc:string language="en">After you have ATutor installed, and AContent installed, link the two systems together. Then use the search tools in ATutor to find content and import it from AContent. Export content create in ATutor to AContent.</lomimscc:string>
        </lomimscc:description>
        <lomimscc:keyword>
			<lomimscc:string language="en">{KEYWORDS}</lomimscc:string>
        </lomimscc:keyword>
      </lomimscc:general>
    </lomimscc:lom>
	</metadata>
	<organizations>
		<organization identifier="MANIFEST01_ORG1" structure="rooted-hierarchy">
			<item identifier="resources">		
		                                        <item identifier="MANIFEST01_FOLDER15">
                        <title>Integrating AContent and ATutor</title>

                        <item identifier="MANIFEST01_ITEM16" identifierref="MANIFEST01_RESOURCE16">
                        <title>Integrating AContent and ATutor</title>
                            
                        </item>
                        <item identifier="MANIFEST01_ITEM17" identifierref="MANIFEST01_RESOURCE17">
                        <title>AContent Configuration</title>
                            
                        </item>
                        <item identifier="MANIFEST01_ITEM18" identifierref="MANIFEST01_RESOURCE18">
                        <title>Setup AContent in ATutor</title>
                            
                        </item>
                        <item identifier="MANIFEST01_ITEM19" identifierref="MANIFEST01_RESOURCE19">
                        <title>Searching AContent from ATutor</title>
                            
                        </item>
                        <item identifier="MANIFEST01_ITEM20" identifierref="MANIFEST01_RESOURCE20">
                        <title>Importing Content from AContent to ATutor</title>
                            
                        </item>
                        <item identifier="MANIFEST01_ITEM21" identifierref="MANIFEST01_RESOURCE21">
                        <title>Exporting Content from ATutor to AContent</title>
                            
                        </item>
                    </item>

		    </item>
		</organization>
	</organizations>
	<resources>
		<resource identifier="MANIFEST01_RESOURCE16" type="webcontent" href="resources/16.html">
			<metadata/>
			<file href="resources/16.html"/>
			<file href="http://www.atutor.ca/atutor/docs/installation.php"/>

                        
		</resource>

		<resource identifier="MANIFEST01_RESOURCE17" type="webcontent" href="resources/17.html">
			<metadata/>
			<file href="resources/17.html"/>
			<file href="resources/acontent_wsid.png"/>

                        
		</resource>

		<resource identifier="MANIFEST01_RESOURCE18" type="webcontent" href="resources/18.html">
			<metadata/>
			<file href="resources/18.html"/>
			<file href="resources/acontent_config.png"/>

                        
		</resource>

		<resource identifier="MANIFEST01_RESOURCE19" type="webcontent" href="resources/19.html">
			<metadata/>
			<file href="resources/19.html"/>
			<file href="resources/acontent_search.png"/>

                        
		</resource>

		<resource identifier="MANIFEST01_RESOURCE20" type="webcontent" href="resources/20.html">
			<metadata/>
			<file href="resources/20.html"/>
			<file href="resources/acontent_results.png"/>
			<file href="resources/acontent_import.png"/>

                        
		</resource>

		<resource identifier="MANIFEST01_RESOURCE21" type="webcontent" href="resources/21.html">
			<metadata/>
			<file href="resources/21.html"/>
			<file href="resources/acontent_exportto.png"/>

                        
		</resource>


	</resources>
</manifest>