<?xml version="1.0" encoding="utf-8"?>
			<!-- This is an AContent language pack - http://www.atutor.ca-->

			<!DOCTYPE language [
			   <!ELEMENT acontent-version (#PCDATA)>
			   <!ELEMENT code (#PCDATA)>
			   <!ELEMENT charset (#PCDATA)>
			   <!ELEMENT reg-exp (#PCDATA)>
			   <!ELEMENT native-name (#PCDATA)>
			   <!ELEMENT english-name (#PCDATA)>
			   <!ELEMENT status (#PCDATA)>

			   <!ATTLIST language code ID #REQUIRED>
			]><language code="es-es">
			<acontent-version>1.3</acontent-version>
			<charset>utf-8</charset>
			<reg-exp></reg-exp>
			<native-name>EspaÃ±ol</native-name>
			<english-name>Spanish</english-name>
			<status>3</status>
		</language>