<?xml version="1.0" encoding="ISO-8859-1"?> 
<module version="1.1"> 
    <name lang="en">Payments</name> 
    <description lang="en">This module can be used to auto-enroll students after making a payment, and with the Course Seats module installed, manage the number of students who can enroll in each course, auto-add seats when payment is received. Available Moneris USA, Moneris Canada, PayPal, Beanstream, and MiraPay configurations. Contact the maintainers to have your Credit Card Provider added.</description> 
    <maintainers>
        <maintainer> 
            <name>ATutorSpaces</name> 
            <email>support@atutorspaces.com</email> 
        </maintainer>
    </maintainers> 
    <url>https://atutorspaces.com</url> 
    <license>BSD</license> 
	<release> 
        <version>1.4</version> 
        <date>2013-01-18</date> 
        <state>Stable</state> 
        <notes>This version adds integration with the ATutor "Course Seats" module, which allows instructors to purchase seats for their courses when a seat price is set. See the readme file included with this module for details about setting up the merchant account with your ecommerce service provider. You can find a link to the readme next to the module's listing in the Module Manager.</notes> 
    </release> 
</module>