<?xml version="1.0" encoding="ISO-8859-1"?> 
<patch>
	<atutor_patch_id>CustomizeTestIntro</atutor_patch_id>
	<applied_version>1.6.2</applied_version>
	<description>This patch is to rewrite the test introduction page to collect specified guest information.</description>
	<dependent_patches>

	</dependent_patches>

	<sql>

	</sql>

	<files>
		<file>
			<action>overwrite</action>
			<name>test_intro.php</name>
			<location>tools/</location>

		</file>

		<file>
			<action>add</action>
			<name>DynamicOptionList.js</name>
			<location>jscripts/</location>

		</file>


	</files>
</patch>