<?xml version="1.0" encoding="ISO-8859-1"?> 
<module version="0.3"> 
    <name lang="en">Openmeetings</name> 
    <description lang="en">Openmeetings is a Multi-Language Cross-Platform Customizable Video-Conferencing and Collaboration Flash based web application.</description> 
    <maintainers>
        <maintainer> 
            <name>ATutor Team</name> 
            <email>info@atutor.ca</email> 
        </maintainer>
    </maintainers> 
    <url>http://atutor.ca</url> 
    <license>GNU</license> 
	<release> 
        <version>0.4</version> 
        <date>2010-10-25</date> 
        <state>stable</state> 
	<notes>Requires Openmeetings server(Red5) be installed on the user's system.  Details can be found at http://code.google.com/p/openmeetings/</notes> 
    </release> 
</module>