<?xml version="1.0" encoding="ISO-8859-1"?> 
<module version="0.1"> 
    <name lang="en">Google Calendar</name> 
    <description lang="en">Adds Student and Instructor access to Google Calendars, as well as a calendar thumbnail side menu block while within courses.</description> 
    <maintainers>
        <maintainer> 
            <name>ATutor Team</name> 
            <email>info@atutor.ca</email> 
        </maintainer>
    </maintainers> 
    <url>http://atutor.ca</url> 
    <license>BSD</license> 
	<release> 
        <version>0.2</version> 
        <date>2010-10-25</date> 
        <state>stable</state> 
        <notes>Users require their own Google account inorder to use the calendar module. This module is intended to add users' personal calendars to ATutor. See the google calendar help page (http://www.google.com/support/calendar?hl=en)  for details on creating a shared calendar, and the HTML generated by the Calendar that can be copied into an ATutor content page. </notes> 
    </release> 
</module>